Código;Requisito;Score / 10;Evidência;Pode melhorar;Como Bryan pode ajudar
RF1;Cadastro de conta e perfis;8.5;"11 passos/8 endpoints E2E; perfis Pessoal, Marca e Celebridade.";Consolidar teste de confirmação de e-mail e aprovação institucional.;Testar cadastro por perfil e anexar evidências ao card HU-RF1.
RF2;Autenticação e sessões;9.0;Login, refresh, sessões e auditoria cobertos por 5 endpoints.;Adicionar testes de abuso, expiração e revogação concorrente.;Criar testes de segurança de sessão e documentar os resultados.
RF3;Conta, privacidade, LGPD e notificações;8.0;"22 passos/20 endpoints; consentimentos, exportação e exclusão.";Executar teste formal de prazo de exclusão e portabilidade completa.;Fazer checklist LGPD e QA das telas de consentimento.
RF4;Adicionar peça e buscar marca;9.5;24 passos/14 endpoints, pipeline de imagem e evidências visuais/banco.;Medir precisão e latência com conjunto de imagens representativo.;Montar massa de teste, registrar falsos positivos e abrir correções.
RF5;Criar look;9.0;11 passos/6 endpoints e compositor integrado ao acervo.;Reforçar testes de combinações inválidas e concorrência de edição.;Executar roteiro exploratório do builder e registrar bugs reproduzíveis.
RF6;Perfil Lookbook;9.0;26 passos/24 endpoints, closet e looks salvos.;Adicionar orçamento de desempenho para coleções grandes.;Testar paginação, filtros e estados vazios com grande volume.
RF7;Detalhe da peça;8.5;9 endpoints com leitura, estados e integração às telas.;Cobrir autorização e consistência após exclusão/edição.;Criar testes de dono versus visitante e evidências de 403/404.
RF8;Buscar e explorar feed;8.5;Feed funcional com 4 endpoints e filtros.;Medir relevância, paginação e tempo de resposta.;Definir casos de busca e medir precisão dos resultados.
RF9;Editar look e peças;8.5;Atualização persistida, auditoria e reindexação testadas.;Cobrir conflito de versões e edição simultânea.;Implementar/testar optimistic locking ou documentar a decisão.
RF10;Copilot e Look do Dia;8.5;13 endpoints e ciclo de feedback do Look do Dia.;Avaliar qualidade das recomendações com métrica e amostra humana.;Conduzir avaliação cega e publicar a planilha de resultados.
RF11;Background Studio;9.0;12 endpoints, persistência e arte de peças/looks.;Adicionar regressão visual e limites de upload/renderização.;Criar suíte de snapshots e checklist visual.
RF12;Minhas Fotos;8.5;9 passos/8 endpoints com tela e persistência.;Cobrir retenção, exclusão e acessibilidade da galeria.;Testar teclado/leitor de tela e ciclo de exclusão.
RF13;DNA de Estilo;9.0;14 endpoints, versões, IA e auditoria.;Formalizar explicabilidade e estabilidade entre versões.;Comparar resultados com amostra fixa e registrar divergências.
RF14;Feed de marcas;8.0;4 endpoints com perfis, seguidores e selos.;Ampliar critérios de moderação e estados institucionais.;Validar perfis pendentes/rejeitados e documentar o fluxo.
RF15;Editor Canvas 2D;8.0;3 endpoints e editor integrado.;Adicionar testes de undo/redo, arquivos grandes e mobile.;Assumir QA exploratório multiplataforma do editor.
RF16;Geração 3D de peças;7.5;Job assíncrono e consulta do resultado implementados.;Provar provedor real, SLA, retry e qualidade do modelo 3D.;Documentar falhas reais, tempos e critérios de aceite visual.
RF17;Perfil de outros usuários;8.5;11 passos/8 endpoints com privacidade e layouts.;Expandir matriz de visibilidade e bloqueio.;Testar todos os perfis e níveis de privacidade.
RF18;Provador virtual 2D;8.5;4 endpoints, tela e fallback implementados.;Validar qualidade com diversidade corporal e de roupas.;Organizar teste autorizado, anonimizado e com critérios objetivos.
RF19;Interações sociais;8.5;"9 endpoints; reações, comentários, notificações e pontos.";Cobrir abuso, rate limit, moderação e concorrência.;Criar cenários antifraude e testes de moderação.
RF20;Vínculo com marca;8.5;Fluxo de selo/matcher persistido e integrado.;Demonstrar revisão, recusa e rastreabilidade de ponta a ponta.;Executar o fluxo como marca e anexar capturas ao Trello.
RF21;Vínculo com celebridade;8.5;6 endpoints e sugestões de selo integradas.;Reforçar consentimento e direito de imagem.;Auditar CAs de consentimento e testar revogação.
RF22;Feed de celebridades;8.0;3 endpoints e perfil institucional disponível.;Ampliar moderação, busca e evidência visual.;Preparar dados de demonstração e teste do perfil completo.
RF23;Preferências e internacionalização;9.5;"Preferências persistidas; catálogos pt-BR/en/es e QA i18n.";Completar teste de acessibilidade com público escolhido.;Conduzir e registrar o teste com usuários.
RF24;Motor de IA e serviços externos;8.0;7 endpoints, logs de inferência e fallbacks locais.;Validar integrações reais, custo, timeout e circuit breaker em produção.;Criar relatório de chamadas reais e comportamento degradado.
RF25;Selos e promoções;9.0;13 passos/11 endpoints e catálogo de design.;Cobrir fraude, expiração e autorização de campanhas.;Testar matriz de papéis e casos de cupom inválido.
RF26;Explorador Global;8.0;3 endpoints e painel por país.;Validar agregações, filtros combinados e desempenho.;Conferir números do painel contra consultas SQL.
RF27;Meu Quarto 3D;8.5;16 endpoints e cena 3D integrada ao inventário.;Concluir alternância Avatar/manequim e atalho ‘Usar em…’.;Implementar ou testar as tarefas FE pendentes do HU-RF27.
RF28;Smart Mirror e Vista-me;8.0;14 passos/13 endpoints com estado persistido.;Concluir ‘Usar em…’ e integração do Avatar 3D.;Assumir o CA16, com teste E2E e evidência visual.
RF29;Inventory Score e destaques;8.5;9 passos/8 endpoints, snapshots e rankings.;Validar fórmula, explicabilidade e recalculo em bordas.;Criar casos de cálculo manual e comparar com a API.
RF30;FAI Points, níveis e loja;9.0;8 passos/7 endpoints, ledger idempotente e limites.;Fortalecer antifraude e observabilidade econômica.;Testar idempotência, tetos diários e reconciliação do saldo.
RF31;Estados do acervo;9.0;Flags persistidas e refletidas nas telas.;Cobrir consistência em todas as entradas do acervo.;Montar matriz tela × estado e executar regressão.
RF32;Desafios;9.0;23 passos/20 endpoints e múltiplos modos.;Adicionar carga, desempate e antifraude.;Criar testes de concorrência e fechamento de desafio.
RF33;Passarela 3D;7.5;"Ranking e filtros cobertos; principal API concentrada em 1 endpoint.";Ampliar E2E visual, acessibilidade e desempenho WebGL.;Testar Top 100 por região/país e fallback sem WebGL.
RF34;Eras da celebridade;8.0;9 passos/8 endpoints e showcase institucional.;Aumentar prova visual e governança editorial.;Criar cenário completo de era, publicação e revisão.
RF35;Coleções da marca;8.0;6 endpoints e mini-loja/showcase.;Cobrir estoque, ordenação e autorização editorial.;Testar coleção ponta a ponta como marca e visitante.
RF36;Foto com manequim;8.5;8 passos/7 endpoints e integração com look 3D.;Validar qualidade, consentimento e falhas de renderização.;Organizar dataset autorizado e registrar taxa de sucesso.
RF37;FLAIR;9.5;"67 passos/55 endpoints; modos, times, arena, moedas e pontos.";Priorizar carga, antifraude e equilíbrio do jogo.;Ser responsável pela bateria de regressão e economia do FLAIR.
RF38;Cupons Fashion AI;8.5;9 passos/6 endpoints e área de cupons.;Cobrir expiração, uso duplo e consistência transacional.;Criar testes concorrentes de resgate e casos negativos.
RF39;Criador e loja de guarda-roupa 3D;9.0;14 passos/8 endpoints, editor, loja e evidências visuais.;Adicionar compatibilidade WebGL/mobile e autorização de criador.;Testar perfis permitidos/proibidos e dispositivos modestos.
RF40;Meu Avatar 3D;8.5;Pipeline local, 45 testes e APIs com consentimento/textura privada.;Concluir uso no Quarto/Espelho e validação com usuários autorizados.;Assumir integração pendente e relatório de qualidade/privacidade.
RF41;FAI Points em jogos e criações;8.5;Ponte idempotente, regras em banco e testes de tetos.;Exibir selo de pontos na Arena/Desafio e ampliar reconciliação.;Implementar os selos pendentes e testar o ledger fim a fim.
