TelaFrontend,RotaFrontend,ArquivoFrontend,FunçãoBackend/API,Método&RotaAPI,ArquivoBackend,ServiçoBackend
Login,/login,app/(site)/(auth)/login/page.tsx; app/bff/auth/[action]/route.ts,Autenticar; página chama POST /bff/auth/login e o BFF encaminha à API — AuthController.login,POST /api/auth/login,fai-web/src/main/java/br/com/fashionai/web/controller/AuthController.java,IdentityService.login — fai-application/src/main/java/br/com/fashionai/application/service/IdentityService.java
Cadastro,/register,app/(site)/(auth)/register/page.tsx; app/bff/auth/[action]/route.ts,Cadastrar; página chama POST /bff/auth/register e o BFF encaminha à API — AuthController.register,POST /api/auth/register,fai-web/src/main/java/br/com/fashionai/web/controller/AuthController.java,IdentityService.register — fai-application/src/main/java/br/com/fashionai/application/service/IdentityService.java
Cadastro,/register,app/(site)/(auth)/register/page.tsx,Verificar disponibilidade do nome de usuário — PreferencesController.availability,GET /api/usernames/{username}/availability,fai-web/src/main/java/br/com/fashionai/web/controller/PreferencesController.java,PreferencesService.checkUsername — fai-application/src/main/java/br/com/fashionai/application/service/PreferencesService.java
Confirmar e-mail,/verify-email,app/(site)/(auth)/verify-email/page.tsx,Validar código e reenviar confirmação — AuthController.verifyEmail,POST /api/auth/email-verification,fai-web/src/main/java/br/com/fashionai/web/controller/AuthController.java,IdentityService.verifyEmail — fai-application/src/main/java/br/com/fashionai/application/service/IdentityService.java
Confirmar e-mail,/verify-email,app/(site)/(auth)/verify-email/page.tsx,Validar código e reenviar confirmação — AuthController.resendEmail,POST /api/auth/email-verification/resend,fai-web/src/main/java/br/com/fashionai/web/controller/AuthController.java,IdentityService.resendEmailVerification — fai-application/src/main/java/br/com/fashionai/application/service/IdentityService.java
Esqueci a senha,/forgot-password,app/(site)/(auth)/forgot-password/page.tsx,Solicitar recuperação de senha — AuthController.requestReset,POST /api/auth/password-reset/request,fai-web/src/main/java/br/com/fashionai/web/controller/AuthController.java,IdentityService.requestPasswordReset — fai-application/src/main/java/br/com/fashionai/application/service/IdentityService.java
Nova senha,/reset-password,app/(site)/(auth)/reset-password/page.tsx,Confirmar recuperação de senha — AuthController.confirmReset,POST /api/auth/password-reset/confirm,fai-web/src/main/java/br/com/fashionai/web/controller/AuthController.java,IdentityService.confirmPasswordReset — fai-application/src/main/java/br/com/fashionai/application/service/IdentityService.java
Início,/,app/(site)/page.tsx,Redirecionamento do frontend para /feed,—,—,Não chama um controller próprio
Passarela / feed,/feed,app/(site)/(app)/feed/page.tsx,Consultar feed de peças e looks; trocar para passarela 3D — DiscoveryController.feed,GET /api/feed,fai-web/src/main/java/br/com/fashionai/web/controller/DiscoveryController.java,SearchService.communityFeed — fai-application/src/main/java/br/com/fashionai/application/service/SearchService.java
Passarela / feed,/feed,app/(site)/(app)/feed/page.tsx,Consultar feed de peças e looks; trocar para passarela 3D — DiscoveryController.runway,GET /api/runway,fai-web/src/main/java/br/com/fashionai/web/controller/DiscoveryController.java,SearchService.runway — fai-application/src/main/java/br/com/fashionai/application/service/SearchService.java
Busca,/search,app/(site)/(app)/search/page.tsx,"Pesquisar e filtrar perfis, peças e looks — DiscoveryController.search",GET /api/search,fai-web/src/main/java/br/com/fashionai/web/controller/DiscoveryController.java,SearchService.search — fai-application/src/main/java/br/com/fashionai/application/service/SearchService.java
Busca,/search,app/(site)/(app)/search/page.tsx,"Pesquisar e filtrar perfis, peças e looks — DiscoveryController.publicPieces",GET /api/public-pieces,fai-web/src/main/java/br/com/fashionai/web/controller/DiscoveryController.java,SearchService.publicPieces — fai-application/src/main/java/br/com/fashionai/application/service/SearchService.java
Guarda-roupa,/closet,app/(site)/(app)/closet/page.tsx,Listar as peças da conta com filtros e paginação — WardrobeController.myCloset,GET /api/me/closet,fai-web/src/main/java/br/com/fashionai/web/controller/WardrobeController.java,WardrobeService.closet — fai-application/src/main/java/br/com/fashionai/application/service/WardrobeService.java
Guarda-roupa,/closet,app/(site)/(app)/closet/page.tsx,Gerar apresentações de estúdio das peças — WardrobeController.studioAll,POST /api/me/pieces/studio,fai-web/src/main/java/br/com/fashionai/web/controller/WardrobeController.java,WardrobeService.studioAll — fai-application/src/main/java/br/com/fashionai/application/service/WardrobeService.java
Adicionar peça — RF4,/pieces/new,app/(site)/(app)/pieces/new/page.tsx; components/catalog/catalog-search.tsx; lib/api/catalog.ts,Buscar roupa no catálogo oficial e cadastrar a peça selecionada — CatalogController.search,GET /api/catalog/search,fai-web/src/main/java/br/com/fashionai/web/controller/CatalogController.java,CatalogService.search — fai-application/src/main/java/br/com/fashionai/application/catalog/CatalogService.java
Adicionar peça — RF4,/pieces/new,app/(site)/(app)/pieces/new/page.tsx; components/catalog/catalog-search.tsx; lib/api/catalog.ts,Buscar roupa no catálogo oficial e cadastrar a peça selecionada — CatalogController.fromCatalog,POST /api/pieces/from-catalog,fai-web/src/main/java/br/com/fashionai/web/controller/CatalogController.java,CatalogService.addToWardrobe — fai-application/src/main/java/br/com/fashionai/application/catalog/CatalogService.java
Adicionar peça — RF4,/pieces/new,app/(site)/(app)/pieces/new/page.tsx; components/multi-piece-review.tsx,Detectar várias peças na foto e criar um recorte independente — WardrobeController.analyzeMulti,POST /api/pieces/analysis/multi,fai-web/src/main/java/br/com/fashionai/web/controller/WardrobeController.java,MultiPieceService.detect — fai-application/src/main/java/br/com/fashionai/application/service/MultiPieceService.java
Adicionar peça — RF4,/pieces/new,app/(site)/(app)/pieces/new/page.tsx; components/multi-piece-review.tsx,Detectar várias peças na foto e criar um recorte independente — WardrobeController.multiPieceDraft,POST /api/pieces/analysis/multi/{draftId}/pieces,fai-web/src/main/java/br/com/fashionai/web/controller/WardrobeController.java,MultiPieceService.pieceDraft — fai-application/src/main/java/br/com/fashionai/application/service/MultiPieceService.java
Adicionar peça — RF4,/pieces/new,app/(site)/(app)/pieces/new/page.tsx; components/piece-form.tsx,"Carregar taxonomia; gravar nome, categoria, cor e demais dados da peça — WardrobeController.taxonomy",GET /api/taxonomy,fai-web/src/main/java/br/com/fashionai/web/controller/WardrobeController.java,WardrobeService.taxonomy — fai-application/src/main/java/br/com/fashionai/application/service/WardrobeService.java
Adicionar peça — RF4,/pieces/new,app/(site)/(app)/pieces/new/page.tsx; components/piece-form.tsx,"Carregar taxonomia; gravar nome, categoria, cor e demais dados da peça — WardrobeController.create",POST /api/pieces,fai-web/src/main/java/br/com/fashionai/web/controller/WardrobeController.java,WardrobeService.create — fai-application/src/main/java/br/com/fashionai/application/service/WardrobeService.java
Adicionar peça — RF4,/pieces/new,app/(site)/(app)/pieces/new/page.tsx; components/piece-form.tsx,Verificar sugestões de selo para a peça — SealController.previewPiece,POST /api/seal-suggestions/preview-piece,fai-web/src/main/java/br/com/fashionai/web/controller/SealController.java,SealService.previewPiece — fai-application/src/main/java/br/com/fashionai/application/service/SealService.java
Detalhe / edição da peça,/pieces/{id},app/(site)/(app)/pieces/[id]/page.tsx; components/expanded-card.tsx,"Consultar, alterar ou excluir a peça — WardrobeController.detail",GET /api/pieces/{id},fai-web/src/main/java/br/com/fashionai/web/controller/WardrobeController.java,WardrobeService.detail — fai-application/src/main/java/br/com/fashionai/application/service/WardrobeService.java
Detalhe / edição da peça,/pieces/{id},app/(site)/(app)/pieces/[id]/page.tsx; components/expanded-card.tsx,"Consultar, alterar ou excluir a peça — WardrobeController.update",PUT /api/pieces/{id},fai-web/src/main/java/br/com/fashionai/web/controller/WardrobeController.java,WardrobeService.update — fai-application/src/main/java/br/com/fashionai/application/service/WardrobeService.java
Detalhe / edição da peça,/pieces/{id},app/(site)/(app)/pieces/[id]/page.tsx; components/expanded-card.tsx,"Consultar, alterar ou excluir a peça — WardrobeController.delete",DELETE /api/pieces/{id},fai-web/src/main/java/br/com/fashionai/web/controller/WardrobeController.java,WardrobeService.delete — fai-application/src/main/java/br/com/fashionai/application/service/WardrobeService.java
Detalhe / edição da peça,/pieces/{id},app/(site)/(app)/pieces/[id]/page.tsx; components/expanded-card.tsx,Trocar a imagem por upload autenticado — WardrobeController.replaceImage,PUT /api/pieces/{id}/image,fai-web/src/main/java/br/com/fashionai/web/controller/WardrobeController.java,WardrobeService.replaceImage — fai-application/src/main/java/br/com/fashionai/application/service/WardrobeService.java
Editor de foto da peça,/pieces/{id}/photo,app/(site)/(app)/pieces/[id]/photo/page.tsx; components/photo-edit/piece-photo-editor.tsx,Abrir sessão; gerar prévia e salvar a receita de edição — PhotoEditController.session,GET /api/pieces/{pieceId}/photo-edits/session,fai-web/src/main/java/br/com/fashionai/web/controller/PhotoEditController.java,PhotoEditService.session — fai-application/src/main/java/br/com/fashionai/application/photoedit/PhotoEditService.java
Editor de foto da peça,/pieces/{id}/photo,app/(site)/(app)/pieces/[id]/photo/page.tsx; components/photo-edit/piece-photo-editor.tsx,Abrir sessão; gerar prévia e salvar a receita de edição — PhotoEditController.preview,POST /api/pieces/{pieceId}/photo-edits/preview,fai-web/src/main/java/br/com/fashionai/web/controller/PhotoEditController.java,PhotoEditService.preview — fai-application/src/main/java/br/com/fashionai/application/photoedit/PhotoEditService.java
Editor de foto da peça,/pieces/{id}/photo,app/(site)/(app)/pieces/[id]/photo/page.tsx; components/photo-edit/piece-photo-editor.tsx,Abrir sessão; gerar prévia e salvar a receita de edição — PhotoEditController.save,POST /api/pieces/{pieceId}/photo-edits,fai-web/src/main/java/br/com/fashionai/web/controller/PhotoEditController.java,PhotoEditService.save — fai-application/src/main/java/br/com/fashionai/application/photoedit/PhotoEditService.java
Meus looks,/looks,app/(site)/(app)/looks/page.tsx; components/looks/my-looks.tsx,Listar looks próprios e exibir tipoLook nos cards — SchemeController.mine,GET /api/me/schemes,fai-web/src/main/java/br/com/fashionai/web/controller/SchemeController.java,SchemeService.mine — fai-application/src/main/java/br/com/fashionai/application/service/SchemeService.java
Looks salvos,/looks,app/(site)/(app)/looks/page.tsx; components/looks/saved-looks.tsx,Consultar looks salvos de outros usuários — LookbookController.savedLooks,GET /api/me/saved-looks,fai-web/src/main/java/br/com/fashionai/web/controller/LookbookController.java,LookbookService.savedLooks — fai-application/src/main/java/br/com/fashionai/application/service/LookbookService.java
Criar look — RF5,/schemes/new,app/(site)/(app)/schemes/new/page.tsx; components/scheme-builder.tsx,Carregar guarda-roupa do criador; propor composição; salvar esquema — SchemeController.builder,GET /api/schemes/builder,fai-web/src/main/java/br/com/fashionai/web/controller/SchemeController.java,SchemeService.builder — fai-application/src/main/java/br/com/fashionai/application/service/SchemeService.java
Criar look — RF5,/schemes/new,app/(site)/(app)/schemes/new/page.tsx; components/scheme-builder.tsx,Carregar guarda-roupa do criador; propor composição; salvar esquema — SchemeController.compose,POST /api/schemes/compositions,fai-web/src/main/java/br/com/fashionai/web/controller/SchemeController.java,SchemeService.compose — fai-application/src/main/java/br/com/fashionai/application/service/SchemeService.java; CopilotService.orientation — fai-application/src/main/java/br/com/fashionai/application/service/CopilotService.java; LookPreviewService.compositions — fai-application/src/main/java/br/com/fashionai/application/service/LookPreviewService.java
Criar look — RF5,/schemes/new,app/(site)/(app)/schemes/new/page.tsx; components/scheme-builder.tsx,Carregar guarda-roupa do criador; propor composição; salvar esquema — SchemeController.create,POST /api/schemes,fai-web/src/main/java/br/com/fashionai/web/controller/SchemeController.java,SchemeService.create — fai-application/src/main/java/br/com/fashionai/application/service/SchemeService.java; SchemeService.suggestSealsAfterSave — fai-application/src/main/java/br/com/fashionai/application/service/SchemeService.java
Criar look — RF5,/schemes/new,app/(site)/(app)/schemes/new/page.tsx; components/look-seal-verification.tsx,Avaliar elegibilidade de selos antes de salvar — SealController.preview,POST /api/seal-suggestions/preview,fai-web/src/main/java/br/com/fashionai/web/controller/SealController.java,SealService.preview — fai-application/src/main/java/br/com/fashionai/application/service/SealService.java
Editar look — RF5,/schemes/{id}/edit,app/(site)/(app)/schemes/[id]/edit/page.tsx; components/scheme-builder.tsx,Consultar e atualizar o esquema existente — SchemeController.get,GET /api/schemes/{id},fai-web/src/main/java/br/com/fashionai/web/controller/SchemeController.java,SchemeService.get — fai-application/src/main/java/br/com/fashionai/application/service/SchemeService.java
Editar look — RF5,/schemes/{id}/edit,app/(site)/(app)/schemes/[id]/edit/page.tsx; components/scheme-builder.tsx,Consultar e atualizar o esquema existente — SchemeController.update,PUT /api/schemes/{id},fai-web/src/main/java/br/com/fashionai/web/controller/SchemeController.java,SchemeService.update — fai-application/src/main/java/br/com/fashionai/application/service/SchemeService.java
Detalhe do look,/schemes/{id},app/(site)/(app)/schemes/[id]/page.tsx; components/expanded-card.tsx,Consultar esquema e publicar o look — SchemeController.get,GET /api/schemes/{id},fai-web/src/main/java/br/com/fashionai/web/controller/SchemeController.java,SchemeService.get — fai-application/src/main/java/br/com/fashionai/application/service/SchemeService.java
Detalhe do look,/schemes/{id},app/(site)/(app)/schemes/[id]/page.tsx; components/expanded-card.tsx,Consultar esquema e publicar o look — SchemeController.publish,POST /api/schemes/{id}/publication,fai-web/src/main/java/br/com/fashionai/web/controller/SchemeController.java,SchemeService.publish — fai-application/src/main/java/br/com/fashionai/application/service/SchemeService.java
Detalhe do look,/schemes/{id},app/(site)/(app)/schemes/[id]/page.tsx; components/expanded-card.tsx,Verificar sugestões e solicitar vínculo de selo — SealController.suggest,GET /api/schemes/{schemeId}/seal-suggestions,fai-web/src/main/java/br/com/fashionai/web/controller/SealController.java,SealService.suggest — fai-application/src/main/java/br/com/fashionai/application/service/SealService.java
Detalhe do look,/schemes/{id},app/(site)/(app)/schemes/[id]/page.tsx; components/expanded-card.tsx,Verificar sugestões e solicitar vínculo de selo — SealController.link,POST /api/schemes/{schemeId}/seal-bonds,fai-web/src/main/java/br/com/fashionai/web/controller/SealController.java,SealService.linkManually — fai-application/src/main/java/br/com/fashionai/application/service/SealService.java
Criar DNA de estilo — RF13,/dna,app/(site)/(app)/dna/page.tsx; components/dna-builder.tsx,Carregar esquemas do usuário e salvar composição de looks DNA — DnaController.builder,GET /api/dna-schemes/builder,fai-web/src/main/java/br/com/fashionai/web/controller/DnaController.java,DnaService.builder — fai-application/src/main/java/br/com/fashionai/application/service/DnaService.java
Criar DNA de estilo — RF13,/dna,app/(site)/(app)/dna/page.tsx; components/dna-builder.tsx,Carregar esquemas do usuário e salvar composição de looks DNA — DnaController.preview,POST /api/dna-schemes/preview,fai-web/src/main/java/br/com/fashionai/web/controller/DnaController.java,DnaService.preview — fai-application/src/main/java/br/com/fashionai/application/service/DnaService.java
Criar DNA de estilo — RF13,/dna,app/(site)/(app)/dna/page.tsx; components/dna-builder.tsx,Carregar esquemas do usuário e salvar composição de looks DNA — DnaController.create,POST /api/dna-schemes,fai-web/src/main/java/br/com/fashionai/web/controller/DnaController.java,DnaService.createDnaScheme — fai-application/src/main/java/br/com/fashionai/application/service/DnaService.java
Novo look DNA — RF13,/dna-schemes/new,app/(site)/(app)/dna-schemes/new/page.tsx; components/dna-builder.tsx,Mesma composição DNA acessível por rota dedicada — DnaController.compositions,POST /api/dna-schemes/compositions,fai-web/src/main/java/br/com/fashionai/web/controller/DnaController.java,DnaService.compositions — fai-application/src/main/java/br/com/fashionai/application/service/DnaService.java
Novo look DNA — RF13,/dna-schemes/new,app/(site)/(app)/dna-schemes/new/page.tsx; components/dna-builder.tsx,Mesma composição DNA acessível por rota dedicada — DnaController.create,POST /api/dna-schemes,fai-web/src/main/java/br/com/fashionai/web/controller/DnaController.java,DnaService.createDnaScheme — fai-application/src/main/java/br/com/fashionai/application/service/DnaService.java
Novo look DNA — RF13,/dna-schemes/new,app/(site)/(app)/dna-schemes/new/page.tsx; components/look-seal-verification.tsx,Verificar selos dos looks usados na composição DNA — SealController.previewScheme,GET /api/schemes/{schemeId}/seal-preview,fai-web/src/main/java/br/com/fashionai/web/controller/SealController.java,SealService.previewScheme — fai-application/src/main/java/br/com/fashionai/application/service/SealService.java
Editar look DNA,/dna-schemes/{id}/edit,app/(site)/(app)/dna-schemes/[id]/edit/page.tsx; components/dna-builder.tsx,Consultar e atualizar o DNA — DnaController.get,GET /api/dna-schemes/{id},fai-web/src/main/java/br/com/fashionai/web/controller/DnaController.java,DnaService.getDnaScheme — fai-application/src/main/java/br/com/fashionai/application/service/DnaService.java
Editar look DNA,/dna-schemes/{id}/edit,app/(site)/(app)/dna-schemes/[id]/edit/page.tsx; components/dna-builder.tsx,Consultar e atualizar o DNA — DnaController.update,PUT /api/dna-schemes/{id},fai-web/src/main/java/br/com/fashionai/web/controller/DnaController.java,DnaService.updateDnaScheme — fai-application/src/main/java/br/com/fashionai/application/service/DnaService.java
Detalhe do look DNA,/dna-schemes/{id},app/(site)/(app)/dna-schemes/[id]/page.tsx,Consultar e excluir DNA de estilo — DnaController.get,GET /api/dna-schemes/{id},fai-web/src/main/java/br/com/fashionai/web/controller/DnaController.java,DnaService.getDnaScheme — fai-application/src/main/java/br/com/fashionai/application/service/DnaService.java
Detalhe do look DNA,/dna-schemes/{id},app/(site)/(app)/dna-schemes/[id]/page.tsx,Consultar e excluir DNA de estilo — DnaController.delete,DELETE /api/dna-schemes/{id},fai-web/src/main/java/br/com/fashionai/web/controller/DnaController.java,DnaService.deleteDnaScheme — fai-application/src/main/java/br/com/fashionai/application/service/DnaService.java
Espelho,/mirror,app/(site)/(app)/mirror/page.tsx,Consultar roupa vestida e o tipoLook persistido — MirrorController.state,GET /api/me/mirror,fai-web/src/main/java/br/com/fashionai/web/controller/MirrorController.java,MirrorService.state — fai-application/src/main/java/br/com/fashionai/application/service/MirrorService.java
Espelho — opções TipoLook,/mirror,app/(site)/(app)/mirror/page.tsx,"Consultar feminino, masculino e unisex na tabela TipoLook — TipoLookController.tiposLook",GET /api/tipos-look,fai-web/src/main/java/br/com/fashionai/web/controller/TipoLookController.java,TipoLookRepository.findAllByOrderByNomeAsc — fai-domain/src/main/java/br/com/fashionai/domain/repository/TipoLookRepository.java
Espelho — persistir TipoLook,/mirror,app/(site)/(app)/mirror/page.tsx,Validar tipoLookId e persistir a escolha em MirrorState — MirrorController.tipoLook,PUT /api/me/mirror/tipo-look,fai-web/src/main/java/br/com/fashionai/web/controller/MirrorController.java,MirrorService.updateTipoLook — fai-application/src/main/java/br/com/fashionai/application/service/MirrorService.java
Espelho,/mirror,app/(site)/(app)/mirror/page.tsx,Vestir ou retirar uma peça; gerar look Vista-me; salvar como esquema com tipoLook — MirrorController.place,POST /api/me/mirror/pieces,fai-web/src/main/java/br/com/fashionai/web/controller/MirrorController.java,MirrorService.place — fai-application/src/main/java/br/com/fashionai/application/service/MirrorService.java
Espelho,/mirror,app/(site)/(app)/mirror/page.tsx,Vestir ou retirar uma peça; gerar look Vista-me; salvar como esquema com tipoLook — MirrorController.remove,DELETE /api/me/mirror/pieces/{pieceId},fai-web/src/main/java/br/com/fashionai/web/controller/MirrorController.java,MirrorService.remove — fai-application/src/main/java/br/com/fashionai/application/service/MirrorService.java
Espelho,/mirror,app/(site)/(app)/mirror/page.tsx,Vestir ou retirar uma peça; gerar look Vista-me; salvar como esquema com tipoLook — MirrorController.vistaMe,POST /api/me/mirror/vista-me,fai-web/src/main/java/br/com/fashionai/web/controller/MirrorController.java,MirrorService.vistaMe — fai-application/src/main/java/br/com/fashionai/application/service/MirrorService.java
Espelho,/mirror,app/(site)/(app)/mirror/page.tsx,Vestir ou retirar uma peça; gerar look Vista-me; salvar como esquema com tipoLook — MirrorController.save,POST /api/me/mirror/save,fai-web/src/main/java/br/com/fashionai/web/controller/MirrorController.java,MirrorService.save — fai-application/src/main/java/br/com/fashionai/application/service/MirrorService.java
Espelho,/mirror,app/(site)/(app)/mirror/page.tsx,Registrar look do dia e uso das peças — MirrorController.useLook,POST /api/me/mirror/use,fai-web/src/main/java/br/com/fashionai/web/controller/MirrorController.java,MirrorService.useLook — fai-application/src/main/java/br/com/fashionai/application/service/MirrorService.java
Provador,/try-on,app/(site)/(app)/try-on/page.tsx,Consultar estado do provador e lojas do catálogo — TryOnController.state,GET /api/try-on,fai-web/src/main/java/br/com/fashionai/web/controller/TryOnController.java,TryOnService.state — fai-application/src/main/java/br/com/fashionai/application/service/TryOnService.java
Provador,/try-on,app/(site)/(app)/try-on/page.tsx,Consultar estado do provador e lojas do catálogo — CatalogController.stores,GET /api/catalog/stores,fai-web/src/main/java/br/com/fashionai/web/controller/CatalogController.java,CatalogService.catalogBrands — fai-application/src/main/java/br/com/fashionai/application/catalog/CatalogService.java
Provador,/try-on,app/(site)/(app)/try-on/page.tsx; lib/api/catalog.ts,Carregar produto e cadastrar peça para provar no avatar — CatalogController.product,GET /api/catalog/products/{id},fai-web/src/main/java/br/com/fashionai/web/controller/CatalogController.java,CatalogService.product — fai-application/src/main/java/br/com/fashionai/application/catalog/CatalogService.java
Provador,/try-on,app/(site)/(app)/try-on/page.tsx; lib/api/catalog.ts,Carregar produto e cadastrar peça para provar no avatar — CatalogController.fromCatalog,POST /api/pieces/from-catalog,fai-web/src/main/java/br/com/fashionai/web/controller/CatalogController.java,CatalogService.addToWardrobe — fai-application/src/main/java/br/com/fashionai/application/catalog/CatalogService.java
Meu Avatar 3D,/avatar,app/(site)/(app)/avatar/page.tsx; components/avatar3d/my-avatar.tsx,"Consultar avatar; enviar modelo, atlas e artefatos por multipart — Avatar3dController.get",GET /api/me/avatar3d,fai-web/src/main/java/br/com/fashionai/web/controller/Avatar3dController.java,Avatar3dService.get — fai-application/src/main/java/br/com/fashionai/application/service/Avatar3dService.java
Meu Avatar 3D,/avatar,app/(site)/(app)/avatar/page.tsx; components/avatar3d/my-avatar.tsx,"Consultar avatar; enviar modelo, atlas e artefatos por multipart — Avatar3dController.save",POST /api/me/avatar3d,fai-web/src/main/java/br/com/fashionai/web/controller/Avatar3dController.java,Avatar3dService.save — fai-application/src/main/java/br/com/fashionai/application/service/Avatar3dService.java
Meu Avatar 3D,/avatar,app/(site)/(app)/avatar/page.tsx; components/avatar3d/my-avatar.tsx,Persistir ajustes; consultar e aprovar versão — Avatar3dController.update,PATCH /api/me/avatar3d,fai-web/src/main/java/br/com/fashionai/web/controller/Avatar3dController.java,Avatar3dService.update — fai-application/src/main/java/br/com/fashionai/application/service/Avatar3dService.java
Meu Avatar 3D,/avatar,app/(site)/(app)/avatar/page.tsx; components/avatar3d/my-avatar.tsx,Persistir ajustes; consultar e aprovar versão — Avatar3dController.versions,GET /api/me/avatar3d/versions,fai-web/src/main/java/br/com/fashionai/web/controller/Avatar3dController.java,Avatar3dService.listVersions — fai-application/src/main/java/br/com/fashionai/application/service/Avatar3dService.java
Meu Avatar 3D,/avatar,app/(site)/(app)/avatar/page.tsx; components/avatar3d/my-avatar.tsx,Persistir ajustes; consultar e aprovar versão — Avatar3dController.approve,POST /api/me/avatar3d/versions/{version}/approve,fai-web/src/main/java/br/com/fashionai/web/controller/Avatar3dController.java,Avatar3dService.approve — fai-application/src/main/java/br/com/fashionai/application/service/Avatar3dService.java
Meu Quarto,/room,app/(site)/(app)/room/page.tsx,Consultar cenário e lista de peças; alterar localização no quarto — RoomController.room,GET /api/me/room,fai-web/src/main/java/br/com/fashionai/web/controller/RoomController.java,RoomService.room — fai-application/src/main/java/br/com/fashionai/application/service/RoomService.java
Meu Quarto,/room,app/(site)/(app)/room/page.tsx,Consultar cenário e lista de peças; alterar localização no quarto — RoomController.listView,GET /api/me/room/list,fai-web/src/main/java/br/com/fashionai/web/controller/RoomController.java,RoomService.listView — fai-application/src/main/java/br/com/fashionai/application/service/RoomService.java
Meu Quarto,/room,app/(site)/(app)/room/page.tsx,Consultar cenário e lista de peças; alterar localização no quarto — RoomController.move,PUT /api/pieces/{pieceId}/room-address,fai-web/src/main/java/br/com/fashionai/web/controller/RoomController.java,RoomService.move — fai-application/src/main/java/br/com/fashionai/application/service/RoomService.java
Meu Quarto,/room,app/(site)/(app)/room/page.tsx,Gerar prévia de organização e aplicar a distribuição — RoomController.organizePreview,GET /api/me/room/organization/preview,fai-web/src/main/java/br/com/fashionai/web/controller/RoomController.java,RoomService.organizePreview — fai-application/src/main/java/br/com/fashionai/application/service/RoomService.java
Meu Quarto,/room,app/(site)/(app)/room/page.tsx,Gerar prévia de organização e aplicar a distribuição — RoomController.applyOrganization,POST /api/me/room/organization,fai-web/src/main/java/br/com/fashionai/web/controller/RoomController.java,RoomService.applyOrganization — fai-application/src/main/java/br/com/fashionai/application/service/RoomService.java
Minhas fotos,/photos,app/(site)/(app)/photos/page.tsx,Consultar biblioteca e linha do tempo; excluir uma foto — PhotoController.list,GET /api/me/photos,fai-web/src/main/java/br/com/fashionai/web/controller/PhotoController.java,PhotoService.gallery — fai-application/src/main/java/br/com/fashionai/application/service/PhotoService.java
Minhas fotos,/photos,app/(site)/(app)/photos/page.tsx,Consultar biblioteca e linha do tempo; excluir uma foto — PhotoController.timeline,GET /api/me/photos/timeline,fai-web/src/main/java/br/com/fashionai/web/controller/PhotoController.java,PhotoService.timeline — fai-application/src/main/java/br/com/fashionai/application/service/PhotoService.java
Minhas fotos,/photos,app/(site)/(app)/photos/page.tsx,Consultar biblioteca e linha do tempo; excluir uma foto — PhotoController.delete,DELETE /api/photos/{id},fai-web/src/main/java/br/com/fashionai/web/controller/PhotoController.java,PhotoService.delete — fai-application/src/main/java/br/com/fashionai/application/service/PhotoService.java
Minhas fotos,/photos,app/(site)/(app)/photos/page.tsx; components/photo-editor.tsx,Gravar edição de uma foto por multipart — PhotoController.saveEdit,POST /api/photos/{id}/edits,fai-web/src/main/java/br/com/fashionai/web/controller/PhotoController.java,PhotoService.saveEdit — fai-application/src/main/java/br/com/fashionai/application/service/PhotoService.java
Copilot,/copilot,app/(site)/(app)/copilot/page.tsx,Consultar contexto; enviar pergunta; criar look sugerido — AutopilotController.context,GET /api/copilot/context,fai-web/src/main/java/br/com/fashionai/web/controller/AutopilotController.java,CopilotService.context — fai-application/src/main/java/br/com/fashionai/application/service/CopilotService.java
Copilot,/copilot,app/(site)/(app)/copilot/page.tsx,Consultar contexto; enviar pergunta; criar look sugerido — AutopilotController.ask,POST /api/copilot/messages,fai-web/src/main/java/br/com/fashionai/web/controller/AutopilotController.java,CopilotService.ask — fai-application/src/main/java/br/com/fashionai/application/service/CopilotService.java
Copilot,/copilot,app/(site)/(app)/copilot/page.tsx,Consultar contexto; enviar pergunta; criar look sugerido — AutopilotController.accept,POST /api/copilot/looks,fai-web/src/main/java/br/com/fashionai/web/controller/AutopilotController.java,CopilotService.accept — fai-application/src/main/java/br/com/fashionai/application/service/CopilotService.java
Autopiloto,/autopilot,app/(site)/(app)/autopilot/page.tsx,Propor look de hoje e confirmar sugestão — AutopilotController.daily,POST /api/autopilot/daily,fai-web/src/main/java/br/com/fashionai/web/controller/AutopilotController.java,AutopilotService.daily — fai-application/src/main/java/br/com/fashionai/application/service/AutopilotService.java
Autopiloto,/autopilot,app/(site)/(app)/autopilot/page.tsx,Propor look de hoje e confirmar sugestão — AutopilotController.confirmDaily,POST /api/autopilot/daily/confirmation,fai-web/src/main/java/br/com/fashionai/web/controller/AutopilotController.java,AutopilotService.confirmDaily — fai-application/src/main/java/br/com/fashionai/application/service/AutopilotService.java
Autopiloto,/autopilot,app/(site)/(app)/autopilot/page.tsx,Consultar e planejar semana de looks — AutopilotController.currentWeek,GET /api/autopilot/weeks/current,fai-web/src/main/java/br/com/fashionai/web/controller/AutopilotController.java,AutopilotService.currentWeek — fai-application/src/main/java/br/com/fashionai/application/service/AutopilotService.java
Autopiloto,/autopilot,app/(site)/(app)/autopilot/page.tsx,Consultar e planejar semana de looks — AutopilotController.planWeek,POST /api/autopilot/weeks,fai-web/src/main/java/br/com/fashionai/web/controller/AutopilotController.java,AutopilotService.planWeek — fai-application/src/main/java/br/com/fashionai/application/service/AutopilotService.java
FashionAI Lens — captura,/lens,app/(site)/(app)/lens/page.tsx; components/lens/lens-capture.tsx; lib/lens/api.ts,Enviar fotografia por multipart e consultar scans salvos — LensController.create,POST /api/lens/scans,fai-web/src/main/java/br/com/fashionai/web/controller/LensController.java,LensService.create — fai-application/src/main/java/br/com/fashionai/application/lens/LensService.java
FashionAI Lens — captura,/lens,app/(site)/(app)/lens/page.tsx; components/lens/lens-capture.tsx; lib/lens/api.ts,Enviar fotografia por multipart e consultar scans salvos — LensController.history,GET /api/me/lens/scans,fai-web/src/main/java/br/com/fashionai/web/controller/LensController.java,LensService.history — fai-application/src/main/java/br/com/fashionai/application/lens/LensService.java
FashionAI Lens — resultado,/lens/{scanId},app/(site)/(app)/lens/[scanId]/page.tsx; components/lens/lens-result.tsx; lib/lens/api.ts,"Consultar detecções, similares e plano de recriação — LensController.get",GET /api/lens/scans/{id},fai-web/src/main/java/br/com/fashionai/web/controller/LensController.java,LensService.get — fai-application/src/main/java/br/com/fashionai/application/lens/LensService.java
FashionAI Lens — resultado,/lens/{scanId},app/(site)/(app)/lens/[scanId]/page.tsx; components/lens/lens-result.tsx; lib/lens/api.ts,"Consultar detecções, similares e plano de recriação — LensController.matches",GET /api/lens/scans/{id}/matches,fai-web/src/main/java/br/com/fashionai/web/controller/LensController.java,LensService.matches — fai-application/src/main/java/br/com/fashionai/application/lens/LensService.java
FashionAI Lens — resultado,/lens/{scanId},app/(site)/(app)/lens/[scanId]/page.tsx; components/lens/lens-result.tsx; lib/lens/api.ts,"Consultar detecções, similares e plano de recriação — LensController.recreate",POST /api/lens/scans/{id}/recreate,fai-web/src/main/java/br/com/fashionai/web/controller/LensController.java,LensService.recreate — fai-application/src/main/java/br/com/fashionai/application/lens/LensService.java
Marcas / celebridades,/brands,app/(site)/(app)/brands/page.tsx,Descobrir perfis institucionais por nome e ordenação — ProfileController.brands,GET /api/brands,fai-web/src/main/java/br/com/fashionai/web/controller/ProfileController.java,InstitutionalService.brandFeed — fai-application/src/main/java/br/com/fashionai/application/service/InstitutionalService.java
Marcas / celebridades,/brands,app/(site)/(app)/brands/page.tsx,Descobrir perfis institucionais por nome e ordenação — ProfileController.celebrities,GET /api/celebrities,fai-web/src/main/java/br/com/fashionai/web/controller/ProfileController.java,InstitutionalService.celebrityFeed — fai-application/src/main/java/br/com/fashionai/application/service/InstitutionalService.java
Perfil de marca / celebridade,/brands/{slug},app/(site)/(app)/brands/[slug]/page.tsx,Abrir perfil institucional e carregar conteúdo da aba escolhida — ProfileController.institutional,GET /api/institutional/{slugOrId},fai-web/src/main/java/br/com/fashionai/web/controller/ProfileController.java,InstitutionalService.profile — fai-application/src/main/java/br/com/fashionai/application/service/InstitutionalService.java
Perfil de marca / celebridade,/brands/{slug},app/(site)/(app)/brands/[slug]/page.tsx,Abrir perfil institucional e carregar conteúdo da aba escolhida — ProfileController.tab,GET /api/institutional/{slugOrId}/tabs/{tab},fai-web/src/main/java/br/com/fashionai/web/controller/ProfileController.java,InstitutionalService.tab — fai-application/src/main/java/br/com/fashionai/application/service/InstitutionalService.java
Perfil de marca / celebridade — verificação,/brands/{slug},app/(site)/(app)/brands/[slug]/page.tsx; components/issuer-review.tsx,Consultar status da verificação e reenviar pedido de ajustes — IssuerReviewController.status,GET /api/me/issuer-review,fai-web/src/main/java/br/com/fashionai/web/controller/IssuerReviewController.java,IssuerReviewService.status — fai-application/src/main/java/br/com/fashionai/application/service/IssuerReviewService.java
Perfil de marca / celebridade — verificação,/brands/{slug},app/(site)/(app)/brands/[slug]/page.tsx; components/issuer-review.tsx,Consultar status da verificação e reenviar pedido de ajustes — IssuerReviewController.resubmit,POST /api/me/issuer-review/resubmit,fai-web/src/main/java/br/com/fashionai/web/controller/IssuerReviewController.java,IssuerReviewService.resubmit — fai-application/src/main/java/br/com/fashionai/application/service/IssuerReviewService.java
Perfil de marca / celebridade — selos,/brands/{slug},app/(site)/(app)/brands/[slug]/page.tsx,Consultar e cadastrar políticas de selo — SealController.sealsOf,GET /api/users/{ownerId}/seals,fai-web/src/main/java/br/com/fashionai/web/controller/SealController.java,SealService.sealsOf — fai-application/src/main/java/br/com/fashionai/application/service/SealService.java
Perfil de marca / celebridade — selos,/brands/{slug},app/(site)/(app)/brands/[slug]/page.tsx,Consultar e cadastrar políticas de selo — SealController.createSeal,POST /api/seals,fai-web/src/main/java/br/com/fashionai/web/controller/SealController.java,SealService.createSeal — fai-application/src/main/java/br/com/fashionai/application/service/SealService.java
Perfil de marca / celebridade — promoções,/brands/{slug},app/(site)/(app)/brands/[slug]/page.tsx; components/coupons/brand-coupons-tab.tsx,Cadastrar promoção e validar código apresentado à loja — SealController.createPromotion,POST /api/promotions,fai-web/src/main/java/br/com/fashionai/web/controller/SealController.java,SealService.createPromotion — fai-application/src/main/java/br/com/fashionai/application/service/SealService.java
Perfil de marca / celebridade — promoções,/brands/{slug},app/(site)/(app)/brands/[slug]/page.tsx; components/coupons/brand-coupons-tab.tsx,Cadastrar promoção e validar código apresentado à loja — CouponController.validate,POST /api/me/coupons/validate,fai-web/src/main/java/br/com/fashionai/web/controller/CouponController.java,CouponService.validate — fai-application/src/main/java/br/com/fashionai/application/service/CouponService.java
Perfil de marca / celebridade — vitrine,/brands/{slug},app/(site)/(app)/brands/[slug]/page.tsx; components/showcase/showcase-tabs.tsx,Consultar vitrine de coleções / eras — ShowcaseController.list,GET /api/institutional/{slug}/showcase/{kind},fai-web/src/main/java/br/com/fashionai/web/controller/ShowcaseController.java,ShowcaseService.list — fai-application/src/main/java/br/com/fashionai/application/service/ShowcaseService.java
Perfil de marca / celebridade — criador de quarto,/brands/{slug},app/(site)/(app)/brands/[slug]/page.tsx; components/room3d/wardrobe-creator.tsx,Publicar móveis e módulos de guarda-roupa na loja — RoomCreatorController.mine,GET /api/room-creator/items,fai-web/src/main/java/br/com/fashionai/web/controller/RoomCreatorController.java,WardrobeCreatorService.mine — fai-application/src/main/java/br/com/fashionai/application/service/WardrobeCreatorService.java
Perfil de marca / celebridade — criador de quarto,/brands/{slug},app/(site)/(app)/brands/[slug]/page.tsx; components/room3d/wardrobe-creator.tsx,Publicar móveis e módulos de guarda-roupa na loja — RoomCreatorController.create,POST /api/room-creator/items,fai-web/src/main/java/br/com/fashionai/web/controller/RoomCreatorController.java,WardrobeCreatorService.save — fai-application/src/main/java/br/com/fashionai/application/service/WardrobeCreatorService.java
Perfil de marca / celebridade — Flair,/brands/{slug},app/(site)/(app)/brands/[slug]/page.tsx; components/flair/brand-flair-tab.tsx,Consultar jogo da marca e cadastrar combinação promocional — FlairController.brandTab,GET /api/institutional/{slug}/flair,fai-web/src/main/java/br/com/fashionai/web/controller/FlairController.java,FlairService.brandTab — fai-application/src/main/java/br/com/fashionai/application/service/FlairService.java
Perfil de marca / celebridade — Flair,/brands/{slug},app/(site)/(app)/brands/[slug]/page.tsx; components/flair/brand-flair-tab.tsx,Consultar jogo da marca e cadastrar combinação promocional — FlairController.create,POST /api/flair/brand/combinations,fai-web/src/main/java/br/com/fashionai/web/controller/FlairController.java,FlairService.saveCombination — fai-application/src/main/java/br/com/fashionai/application/service/FlairService.java
Perfil / Lookbook,/u/{username},app/(site)/(app)/u/[username]/page.tsx,"Consultar perfil, seguir conta e bloquear usuário — ProfileController.profile",GET /api/profiles/{idOrUsername},fai-web/src/main/java/br/com/fashionai/web/controller/ProfileController.java,ProfileService.profile — fai-application/src/main/java/br/com/fashionai/application/service/ProfileService.java
Perfil / Lookbook,/u/{username},app/(site)/(app)/u/[username]/page.tsx,"Consultar perfil, seguir conta e bloquear usuário — ProfileController.follow",POST /api/users/{targetId}/followers,fai-web/src/main/java/br/com/fashionai/web/controller/ProfileController.java,ProfileService.follow — fai-application/src/main/java/br/com/fashionai/application/service/ProfileService.java
Perfil / Lookbook,/u/{username},app/(site)/(app)/u/[username]/page.tsx,"Consultar perfil, seguir conta e bloquear usuário — ProfileController.block",PUT /api/users/{targetId}/block,fai-web/src/main/java/br/com/fashionai/web/controller/ProfileController.java,ProfileService.block — fai-application/src/main/java/br/com/fashionai/application/service/ProfileService.java
Perfil / Lookbook,/u/{username},app/(site)/(app)/u/[username]/page.tsx; components/lookbook-tabs.tsx,"Consultar resumo, publicações e agrupamentos do perfil — LookbookController.overview",GET /api/users/{ownerId}/lookbook,fai-web/src/main/java/br/com/fashionai/web/controller/LookbookController.java,LookbookService.overview — fai-application/src/main/java/br/com/fashionai/application/service/LookbookService.java
Perfil / Lookbook,/u/{username},app/(site)/(app)/u/[username]/page.tsx; components/lookbook-tabs.tsx,"Consultar resumo, publicações e agrupamentos do perfil — LookbookController.publications",GET /api/users/{ownerId}/publications,fai-web/src/main/java/br/com/fashionai/web/controller/LookbookController.java,LookbookService.publications — fai-application/src/main/java/br/com/fashionai/application/service/LookbookService.java
Perfil / Lookbook,/u/{username},app/(site)/(app)/u/[username]/page.tsx; components/lookbook-tabs.tsx,"Consultar resumo, publicações e agrupamentos do perfil — LookbookController.groupingsOf",GET /api/users/{ownerId}/groupings,fai-web/src/main/java/br/com/fashionai/web/controller/LookbookController.java,LookbookService.groupingsOf — fai-application/src/main/java/br/com/fashionai/application/service/LookbookService.java
Atalho Lookbook,/lookbook,app/(site)/(app)/lookbook/page.tsx,Redirecionamento do frontend para /u/{username},—,—,Não chama um controller próprio
Atalho de gestão do emissor,/dashboard,app/(site)/(app)/dashboard/page.tsx; components/issuer-review.tsx,Consultar estado para redirecionar a /brands/{slug}?tab=METRICAS ou CENTRAL — IssuerReviewController.status,GET /api/me/issuer-review,fai-web/src/main/java/br/com/fashionai/web/controller/IssuerReviewController.java,IssuerReviewService.status — fai-application/src/main/java/br/com/fashionai/application/service/IssuerReviewService.java
Meus cupons,/coupons,app/(site)/(app)/coupons/page.tsx; components/coupons/my-coupons.tsx,Consultar carteira e trocar direito promocional por cupom — CouponController.mine,GET /api/me/coupons,fai-web/src/main/java/br/com/fashionai/web/controller/CouponController.java,CouponService.mine — fai-application/src/main/java/br/com/fashionai/application/service/CouponService.java
Meus cupons,/coupons,app/(site)/(app)/coupons/page.tsx; components/coupons/my-coupons.tsx,Consultar carteira e trocar direito promocional por cupom — CouponController.redeem,POST /api/me/coupon-rights/{id}/redeem,fai-web/src/main/java/br/com/fashionai/web/controller/CouponController.java,CouponService.redeem — fai-application/src/main/java/br/com/fashionai/application/service/CouponService.java
Desafios,/challenges,app/(site)/(app)/challenges/page.tsx,Consultar catálogo e desafios da conta; iniciar desafio — ChallengeController.catalog,GET /api/challenges/catalog,fai-web/src/main/java/br/com/fashionai/web/controller/ChallengeController.java,ChallengeService.catalog — fai-application/src/main/java/br/com/fashionai/application/service/ChallengeService.java
Desafios,/challenges,app/(site)/(app)/challenges/page.tsx,Consultar catálogo e desafios da conta; iniciar desafio — ChallengeController.mine,GET /api/me/challenges,fai-web/src/main/java/br/com/fashionai/web/controller/ChallengeController.java,ChallengeService.mine — fai-application/src/main/java/br/com/fashionai/application/service/ChallengeService.java
Desafios,/challenges,app/(site)/(app)/challenges/page.tsx,Consultar catálogo e desafios da conta; iniciar desafio — ChallengeController.start,POST /api/challenges,fai-web/src/main/java/br/com/fashionai/web/controller/ChallengeController.java,ChallengeService.start — fai-application/src/main/java/br/com/fashionai/application/service/ChallengeService.java
Detalhe do desafio,/challenges/{id},app/(site)/(app)/challenges/[id]/page.tsx,Consultar disputa; aceitar convite; enviar look como entrada — ChallengeController.detail,GET /api/challenges/{id},fai-web/src/main/java/br/com/fashionai/web/controller/ChallengeController.java,ChallengeService.detail — fai-application/src/main/java/br/com/fashionai/application/service/ChallengeService.java
Detalhe do desafio,/challenges/{id},app/(site)/(app)/challenges/[id]/page.tsx,Consultar disputa; aceitar convite; enviar look como entrada — ChallengeController.accept,POST /api/challenges/{id}/accept,fai-web/src/main/java/br/com/fashionai/web/controller/ChallengeController.java,ChallengeService.accept — fai-application/src/main/java/br/com/fashionai/application/service/ChallengeService.java
Detalhe do desafio,/challenges/{id},app/(site)/(app)/challenges/[id]/page.tsx,Consultar disputa; aceitar convite; enviar look como entrada — ChallengeController.submitEntry,POST /api/challenges/{id}/entries,fai-web/src/main/java/br/com/fashionai/web/controller/ChallengeController.java,ChallengeService.submitEntry — fai-application/src/main/java/br/com/fashionai/application/service/ChallengeService.java
Momentos,/moments,app/(site)/(app)/moments/page.tsx,"Consultar agenda, calendário e momentos da conta — MomentController.home",GET /api/moments,fai-web/src/main/java/br/com/fashionai/web/controller/MomentController.java,MomentService.home — fai-application/src/main/java/br/com/fashionai/application/moments/MomentService.java
Momentos,/moments,app/(site)/(app)/moments/page.tsx,"Consultar agenda, calendário e momentos da conta — MomentController.calendar",GET /api/moments/calendar,fai-web/src/main/java/br/com/fashionai/web/controller/MomentController.java,MomentService.calendar — fai-application/src/main/java/br/com/fashionai/application/moments/MomentService.java
Momentos,/moments,app/(site)/(app)/moments/page.tsx,"Consultar agenda, calendário e momentos da conta — MomentController.mine",GET /api/me/moments,fai-web/src/main/java/br/com/fashionai/web/controller/MomentController.java,MomentService.mine — fai-application/src/main/java/br/com/fashionai/application/moments/MomentService.java
Detalhe do momento,/moments/{id},app/(site)/(app)/moments/[id]/page.tsx; components/moments/moment-page.tsx,Abrir momento; salvar para lembrar; sair da participação — MomentController.detail,GET /api/moments/{id},fai-web/src/main/java/br/com/fashionai/web/controller/MomentController.java,MomentService.detail — fai-application/src/main/java/br/com/fashionai/application/moments/MomentService.java
Detalhe do momento,/moments/{id},app/(site)/(app)/moments/[id]/page.tsx; components/moments/moment-page.tsx,Abrir momento; salvar para lembrar; sair da participação — MomentController.save,PUT /api/moments/{id}/save,fai-web/src/main/java/br/com/fashionai/web/controller/MomentController.java,MomentService.save — fai-application/src/main/java/br/com/fashionai/application/moments/MomentService.java
Detalhe do momento,/moments/{id},app/(site)/(app)/moments/[id]/page.tsx; components/moments/moment-page.tsx,Abrir momento; salvar para lembrar; sair da participação — MomentController.leave,POST /api/moments/{id}/leave,fai-web/src/main/java/br/com/fashionai/web/controller/MomentController.java,MomentService.leave — fai-application/src/main/java/br/com/fashionai/application/moments/MomentService.java
Flair,/flair,app/(site)/(app)/flair/page.tsx,"Consultar jogador, decks e cartas; iniciar duelo — FlairController.me",GET /api/flair/me,fai-web/src/main/java/br/com/fashionai/web/controller/FlairController.java,FlairService.me — fai-application/src/main/java/br/com/fashionai/application/service/FlairService.java
Flair,/flair,app/(site)/(app)/flair/page.tsx,"Consultar jogador, decks e cartas; iniciar duelo — FlairController.decks",GET /api/flair/decks,fai-web/src/main/java/br/com/fashionai/web/controller/FlairController.java,FlairService.decks — fai-application/src/main/java/br/com/fashionai/application/service/FlairService.java
Flair,/flair,app/(site)/(app)/flair/page.tsx,"Consultar jogador, decks e cartas; iniciar duelo — FlairController.cards",GET /api/flair/cards,fai-web/src/main/java/br/com/fashionai/web/controller/FlairController.java,FlairService.cards — fai-application/src/main/java/br/com/fashionai/application/service/FlairService.java
Flair,/flair,app/(site)/(app)/flair/page.tsx,"Consultar jogador, decks e cartas; iniciar duelo — FlairController.duel",POST /api/flair/duels,fai-web/src/main/java/br/com/fashionai/web/controller/FlairController.java,FlairService.duel — fai-application/src/main/java/br/com/fashionai/application/service/FlairService.java
Flair — modos,/flair,app/(site)/(app)/flair/page.tsx; components/flair/modes.tsx,Consultar catálogo de modos do jogo — FlairModesController.catalog,GET /api/flair/modes,fai-web/src/main/java/br/com/fashionai/web/controller/FlairModesController.java,FlairModesService.catalog — fai-application/src/main/java/br/com/fashionai/application/service/FlairModesService.java
Destaques,/highlights,app/(site)/(app)/highlights/page.tsx,"Consultar inventário, conquistas e ranking; decidir participação pública — HighlightsController.highlights",GET /api/me/highlights,fai-web/src/main/java/br/com/fashionai/web/controller/HighlightsController.java,InventoryScoreService.highlightsTab — fai-application/src/main/java/br/com/fashionai/application/service/InventoryScoreService.java
Destaques,/highlights,app/(site)/(app)/highlights/page.tsx,"Consultar inventário, conquistas e ranking; decidir participação pública — HighlightsController.rankings",GET /api/me/rankings,fai-web/src/main/java/br/com/fashionai/web/controller/HighlightsController.java,InventoryScoreService.rankings — fai-application/src/main/java/br/com/fashionai/application/service/InventoryScoreService.java
Destaques,/highlights,app/(site)/(app)/highlights/page.tsx,"Consultar inventário, conquistas e ranking; decidir participação pública — HighlightsController.optIn",PUT /api/me/rankings/opt-in,fai-web/src/main/java/br/com/fashionai/web/controller/HighlightsController.java,InventoryScoreService.optIn — fai-application/src/main/java/br/com/fashionai/application/service/InventoryScoreService.java
Histórico,/history,app/(site)/(app)/history/page.tsx; components/history/history-timeline.tsx,Consultar looks do dia e registros históricos — LookbookController.history,GET /api/me/daily-looks,fai-web/src/main/java/br/com/fashionai/web/controller/LookbookController.java,DailyLookService.history — fai-application/src/main/java/br/com/fashionai/application/service/DailyLookService.java
Histórico — evolução,/history,app/(site)/(app)/history/page.tsx; components/history/history-style.tsx,Consultar evolução de estilo e DNA consolidado — HighlightsController.highlights,GET /api/me/highlights,fai-web/src/main/java/br/com/fashionai/web/controller/HighlightsController.java,InventoryScoreService.highlightsTab — fai-application/src/main/java/br/com/fashionai/application/service/InventoryScoreService.java
Histórico — evolução,/history,app/(site)/(app)/history/page.tsx; components/history/history-style.tsx,Consultar evolução de estilo e DNA consolidado — DnaController.overview,GET /api/me/dna,fai-web/src/main/java/br/com/fashionai/web/controller/DnaController.java,DnaService.overview — fai-application/src/main/java/br/com/fashionai/application/service/DnaService.java
Histórico — Hype,/history,app/(site)/(app)/history/page.tsx; components/history/history-hype.tsx,Consultar oscilações do Hype no guarda-roupa — HypeController.movers,GET /api/me/hype/movers,fai-web/src/main/java/br/com/fashionai/web/controller/HypeController.java,HypeQueryService.movers — fai-application/src/main/java/br/com/fashionai/application/hype/HypeQueryService.java
FAI Points,/points,app/(site)/(app)/points/page.tsx,Consultar saldo e extrato de pontos — HighlightsController.account,GET /api/me/points,fai-web/src/main/java/br/com/fashionai/web/controller/HighlightsController.java,FaiPointsService.account — fai-application/src/main/java/br/com/fashionai/application/service/FaiPointsService.java
FAI Points — loja,/points,app/(site)/(app)/points/page.tsx; components/room3d/room-store.tsx,Consultar loja e comprar item com pontos — HighlightsController.shop,GET /api/points/shop,fai-web/src/main/java/br/com/fashionai/web/controller/HighlightsController.java,FaiPointsService.shop — fai-application/src/main/java/br/com/fashionai/application/service/FaiPointsService.java
FAI Points — loja,/points,app/(site)/(app)/points/page.tsx; components/room3d/room-store.tsx,Consultar loja e comprar item com pontos — HighlightsController.buy,POST /api/points/shop/{sku}/purchase,fai-web/src/main/java/br/com/fashionai/web/controller/HighlightsController.java,FaiPointsService.buy — fai-application/src/main/java/br/com/fashionai/application/service/FaiPointsService.java
Explorador,/explorer,app/(site)/(app)/explorer/page.tsx,"Consultar mapa, marcas e insights públicos — DiscoveryController.global",GET /api/explorer/global,fai-web/src/main/java/br/com/fashionai/web/controller/DiscoveryController.java,ExplorerService.globalPanel — fai-application/src/main/java/br/com/fashionai/application/service/ExplorerService.java
Explorador,/explorer,app/(site)/(app)/explorer/page.tsx,"Consultar mapa, marcas e insights públicos — DiscoveryController.brands",GET /api/explorer/brands,fai-web/src/main/java/br/com/fashionai/web/controller/DiscoveryController.java,ExplorerService.brandsAndStores — fai-application/src/main/java/br/com/fashionai/application/service/ExplorerService.java
Explorador,/explorer,app/(site)/(app)/explorer/page.tsx,"Consultar mapa, marcas e insights públicos — DiscoveryController.insights",GET /api/explorer/insights,fai-web/src/main/java/br/com/fashionai/web/controller/DiscoveryController.java,ExplorerService.insights — fai-application/src/main/java/br/com/fashionai/application/service/ExplorerService.java
Explorador — Hype,/explorer,app/(site)/(app)/explorer/page.tsx,Carregar dados de Hype para o globo — HypeController.globe,GET /api/hype/globe,fai-web/src/main/java/br/com/fashionai/web/controller/HypeController.java,HypeQueryService.globe — fai-application/src/main/java/br/com/fashionai/application/hype/HypeQueryService.java
Notificações,/notifications,app/(site)/(app)/notifications/page.tsx,Listar avisos; marcar leitura; configurar preferências — NotificationController.inbox,GET /api/notifications,fai-web/src/main/java/br/com/fashionai/web/controller/NotificationController.java,NotificationService.inbox — fai-application/src/main/java/br/com/fashionai/application/service/NotificationService.java
Notificações,/notifications,app/(site)/(app)/notifications/page.tsx,Listar avisos; marcar leitura; configurar preferências — NotificationController.markRead,POST /api/notifications/read,fai-web/src/main/java/br/com/fashionai/web/controller/NotificationController.java,NotificationService.markRead — fai-application/src/main/java/br/com/fashionai/application/service/NotificationService.java; NotificationService.unread — fai-application/src/main/java/br/com/fashionai/application/service/NotificationService.java
Notificações,/notifications,app/(site)/(app)/notifications/page.tsx,Listar avisos; marcar leitura; configurar preferências — NotificationController.updatePreferences,PUT /api/notifications/preferences,fai-web/src/main/java/br/com/fashionai/web/controller/NotificationController.java,NotificationService.updatePreferences — fai-application/src/main/java/br/com/fashionai/application/service/NotificationService.java
Configurações,/settings,app/(site)/(app)/settings/page.tsx,"Consultar preferências, consentimentos e sessões — PreferencesController.get",GET /api/me/preferences,fai-web/src/main/java/br/com/fashionai/web/controller/PreferencesController.java,PreferencesService.get — fai-application/src/main/java/br/com/fashionai/application/service/PreferencesService.java
Configurações,/settings,app/(site)/(app)/settings/page.tsx,"Consultar preferências, consentimentos e sessões — MeController.consents",GET /api/me/consents,fai-web/src/main/java/br/com/fashionai/web/controller/MeController.java,AccountService.consents — fai-application/src/main/java/br/com/fashionai/application/service/AccountService.java
Configurações,/settings,app/(site)/(app)/settings/page.tsx,"Consultar preferências, consentimentos e sessões — AuthController.sessions",GET /api/auth/sessions,fai-web/src/main/java/br/com/fashionai/web/controller/AuthController.java,IdentityService.sessions — fai-application/src/main/java/br/com/fashionai/application/service/IdentityService.java
Configurações,/settings,app/(site)/(app)/settings/page.tsx,"Atualizar perfil, privacidade e senha — PreferencesController.updateProfile",PATCH /api/me/profile,fai-web/src/main/java/br/com/fashionai/web/controller/PreferencesController.java,PreferencesService.updateProfile — fai-application/src/main/java/br/com/fashionai/application/service/PreferencesService.java
Configurações,/settings,app/(site)/(app)/settings/page.tsx,"Atualizar perfil, privacidade e senha — MeController.privacy",PUT /api/me/privacy,fai-web/src/main/java/br/com/fashionai/web/controller/MeController.java,AccountService.updatePrivacy — fai-application/src/main/java/br/com/fashionai/application/service/AccountService.java
Configurações,/settings,app/(site)/(app)/settings/page.tsx,"Atualizar perfil, privacidade e senha — AuthController.changePassword",PUT /api/auth/password,fai-web/src/main/java/br/com/fashionai/web/controller/AuthController.java,IdentityService.changePassword — fai-application/src/main/java/br/com/fashionai/application/service/IdentityService.java
Configurações,/settings,app/(site)/(app)/settings/page.tsx,Solicitar exportação dos dados e exclusão da conta — MeController.requestExport,POST /api/me/exports,fai-web/src/main/java/br/com/fashionai/web/controller/MeController.java,AccountService.requestExport — fai-application/src/main/java/br/com/fashionai/application/service/AccountService.java
Configurações,/settings,app/(site)/(app)/settings/page.tsx,Solicitar exportação dos dados e exclusão da conta — MeController.requestDeletion,POST /api/me/deletion,fai-web/src/main/java/br/com/fashionai/web/controller/MeController.java,AccountService.requestDeletion — fai-application/src/main/java/br/com/fashionai/application/service/AccountService.java
Admin — dashboard,/admin/dashboard,app/(site)/(app)/admin/dashboard/page.tsx,Consultar KPIs e salvar disposição dos widgets — DashboardController.admin,GET /api/admin/dashboard,fai-web/src/main/java/br/com/fashionai/web/controller/DashboardController.java,DashboardService.admin — fai-application/src/main/java/br/com/fashionai/application/service/DashboardService.java
Admin — dashboard,/admin/dashboard,app/(site)/(app)/admin/dashboard/page.tsx,Consultar KPIs e salvar disposição dos widgets — DashboardController.saveLayout,PUT /api/me/dashboard-layout,fai-web/src/main/java/br/com/fashionai/web/controller/DashboardController.java,DashboardService.saveLayout — fai-application/src/main/java/br/com/fashionai/application/service/DashboardService.java
Admin — usuários,/admin/users,app/(site)/(app)/admin/users/page.tsx,Buscar usuários; alterar papel e suspensão — AdminController.searchUsers,GET /api/admin/users,fai-web/src/main/java/br/com/fashionai/web/controller/AdminController.java,AdminService.searchUsers — fai-application/src/main/java/br/com/fashionai/application/service/AdminService.java
Admin — usuários,/admin/users,app/(site)/(app)/admin/users/page.tsx,Buscar usuários; alterar papel e suspensão — AdminController.setRole,PUT /api/admin/users/{userId}/role,fai-web/src/main/java/br/com/fashionai/web/controller/AdminController.java,AdminService.setRole — fai-application/src/main/java/br/com/fashionai/application/service/AdminService.java
Admin — usuários,/admin/users,app/(site)/(app)/admin/users/page.tsx,Buscar usuários; alterar papel e suspensão — AdminController.setStatus,PUT /api/admin/users/{userId}/status,fai-web/src/main/java/br/com/fashionai/web/controller/AdminController.java,AdminService.setStatus — fai-application/src/main/java/br/com/fashionai/application/service/AdminService.java
Admin — aprovações,/admin/users,app/(site)/(app)/admin/users/page.tsx; components/admin-approvals.tsx,Consultar fila e validar perfil de marca / celebridade — AdminController.approvals,GET /api/admin/approvals,fai-web/src/main/java/br/com/fashionai/web/controller/AdminController.java,IssuerReviewService.queue — fai-application/src/main/java/br/com/fashionai/application/service/IssuerReviewService.java
Admin — aprovações,/admin/users,app/(site)/(app)/admin/users/page.tsx; components/admin-approvals.tsx,Consultar fila e validar perfil de marca / celebridade — AdminController.decide,POST /api/admin/approvals/{userId},fai-web/src/main/java/br/com/fashionai/web/controller/AdminController.java,IssuerReviewService.decide — fai-application/src/main/java/br/com/fashionai/application/service/IssuerReviewService.java
Admin — auditoria,/admin/users,app/(site)/(app)/admin/users/page.tsx,Consultar trilha de ações administrativas — AdminController.auditLog,GET /api/admin/audit,fai-web/src/main/java/br/com/fashionai/web/controller/AdminController.java,AdminService.auditLog — fai-application/src/main/java/br/com/fashionai/application/service/AdminService.java
Admin — moderação,/admin/moderation,app/(site)/(app)/admin/moderation/page.tsx,Consultar e decidir conteúdo retido — AdminController.moderationQueue,GET /api/admin/moderation,fai-web/src/main/java/br/com/fashionai/web/controller/AdminController.java,AdminService.moderationQueue — fai-application/src/main/java/br/com/fashionai/application/service/AdminService.java
Admin — moderação,/admin/moderation,app/(site)/(app)/admin/moderation/page.tsx,Consultar e decidir conteúdo retido — AdminController.moderate,POST /api/admin/moderation/{itemId},fai-web/src/main/java/br/com/fashionai/web/controller/AdminController.java,AdminService.moderate — fai-application/src/main/java/br/com/fashionai/application/service/AdminService.java
Admin — momentos,/admin/moments,app/(site)/(app)/admin/moments/page.tsx,Listar e cadastrar momentos; transicionar publicação — MomentAdminController.list,GET /api/admin/moments,fai-web/src/main/java/br/com/fashionai/web/controller/MomentAdminController.java,MomentService.adminList — fai-application/src/main/java/br/com/fashionai/application/moments/MomentService.java
Admin — momentos,/admin/moments,app/(site)/(app)/admin/moments/page.tsx,Listar e cadastrar momentos; transicionar publicação — MomentAdminController.create,POST /api/admin/moments,fai-web/src/main/java/br/com/fashionai/web/controller/MomentAdminController.java,MomentService.adminSave — fai-application/src/main/java/br/com/fashionai/application/moments/MomentService.java
Admin — momentos,/admin/moments,app/(site)/(app)/admin/moments/page.tsx,Listar e cadastrar momentos; transicionar publicação — MomentAdminController.transition,POST /api/admin/moments/{id}/{action},fai-web/src/main/java/br/com/fashionai/web/controller/MomentAdminController.java,MomentService.adminTransition — fai-application/src/main/java/br/com/fashionai/application/moments/MomentService.java
Admin — imagens do catálogo,/admin/catalog-images,app/(site)/(app)/admin/catalog-images/page.tsx,Consultar fila / métricas e aprovar ou rejeitar enquadramento — AdminCatalogImageController.review,GET /api/admin/catalog-images/review,fai-web/src/main/java/br/com/fashionai/web/controller/AdminCatalogImageController.java,CatalogImagePipelineService.reviewQueue — fai-application/src/main/java/br/com/fashionai/application/catalog/image/CatalogImagePipelineService.java
Admin — imagens do catálogo,/admin/catalog-images,app/(site)/(app)/admin/catalog-images/page.tsx,Consultar fila / métricas e aprovar ou rejeitar enquadramento — AdminCatalogImageController.metrics,GET /api/admin/catalog-images/metrics,fai-web/src/main/java/br/com/fashionai/web/controller/AdminCatalogImageController.java,CatalogImagePipelineService.metrics — fai-application/src/main/java/br/com/fashionai/application/catalog/image/CatalogImagePipelineService.java
Admin — imagens do catálogo,/admin/catalog-images,app/(site)/(app)/admin/catalog-images/page.tsx,Consultar fila / métricas e aprovar ou rejeitar enquadramento — AdminCatalogImageController.decide,POST /api/admin/catalog-images/{imageId}/review,fai-web/src/main/java/br/com/fashionai/web/controller/AdminCatalogImageController.java,CatalogImagePipelineService.decide — fai-application/src/main/java/br/com/fashionai/application/catalog/image/CatalogImagePipelineService.java
Admin — sistema,/admin/system,app/(site)/(app)/admin/system/page.tsx,Consultar estado da IA; disparar manutenção e backup — AdminController.aiOverview,GET /api/admin/ai,fai-web/src/main/java/br/com/fashionai/web/controller/AdminController.java,AdminService.aiOverview — fai-application/src/main/java/br/com/fashionai/application/service/AdminService.java; AiEngine.providerAvailability — fai-application/src/main/java/br/com/fashionai/application/ai/AiEngine.java; AiEngine.remoteEnabled — fai-application/src/main/java/br/com/fashionai/application/ai/AiEngine.java
Admin — sistema,/admin/system,app/(site)/(app)/admin/system/page.tsx,Consultar estado da IA; disparar manutenção e backup — AdminController.runJob,POST /api/admin/jobs/{job},fai-web/src/main/java/br/com/fashionai/web/controller/AdminController.java,AdminService.runJob — fai-application/src/main/java/br/com/fashionai/application/service/AdminService.java
Admin — sistema,/admin/system,app/(site)/(app)/admin/system/page.tsx,Consultar estado da IA; disparar manutenção e backup — AdminController.runBackup,POST /api/admin/backups,fai-web/src/main/java/br/com/fashionai/web/controller/AdminController.java,AdminService.runBackup — fai-application/src/main/java/br/com/fashionai/application/service/AdminService.java
Admin — logos,/admin/system,app/(site)/(app)/admin/system/page.tsx,Consultar catálogo de logos e buscar pendentes — BrandLogoController.all,GET /api/admin/brand-logos,fai-web/src/main/java/br/com/fashionai/web/controller/BrandLogoController.java,Guard.requireAdmin — fai-application/src/main/java/br/com/fashionai/application/security/Guard.java; BrandLogoService.all — fai-application/src/main/java/br/com/fashionai/application/service/BrandLogoService.java
Admin — logos,/admin/system,app/(site)/(app)/admin/system/page.tsx,Consultar catálogo de logos e buscar pendentes — BrandLogoController.refreshPending,POST /api/admin/brand-logos/refresh-pending,fai-web/src/main/java/br/com/fashionai/web/controller/BrandLogoController.java,Guard.requireAdmin — fai-application/src/main/java/br/com/fashionai/application/security/Guard.java; BrandLogoService.refreshPending — fai-application/src/main/java/br/com/fashionai/application/service/BrandLogoService.java
